{
  "data": [
    {
      "name": "Artwork1",
      "count": "2023-02-02",
      "startDate": "2023-02-03T00:00:00.000Z",
      "endDate": "2023-02-04T00:00:00.000Z",
      "sosDate": "2023-02-14T00:00:00.000Z",
      "filename": [
        {
          "name": "BP.txt",
          "data": {},
          "size": 727,
          "timestamp": "2023-02-03T08:05:26.968Z"
        }
      ],
      "status": "cancelled",
      "owener": "Christine Seroux",
      "timestamp": 1675411528281,
      "tasksList": [
        {
          "name": "task3",
          "start": "2023-02-10T18:30:00.000Z",
          "end": "2023-02-10T18:30:00.000Z",
          "progress": 17,
          "id": "Task84896559",
          "owner": "asha",
          "type": "task",
          "isDisabled": true
        },
        {
          "name": "task3",
          "start": "2023-02-14T00:00:00.000Z",
          "end": "2023-02-19",
          "progress": 90,
          "id": "Task80184592",
          "owner": "test",
          "type": "task",
          "isDisabled": false
        },
        {
          "name": "task5",
          "start": "2023-02-12T01:41:34.954Z",
          "end": "2023-03-04T00:00:00.000Z",
          "progress": 21,
          "id": "Task14737091",
          "owner": "asha4",
          "type": "task",
          "isDisabled": false
        }
      ],
      "id": 1
    },
    {
      "name": "Artwork2",
      "count": "2023-02-02",
      "startDate": "2023-02-02T00:00:00.000Z",
      "endDate": "2023-02-03T00:00:00.000Z",
      "sosDate": "2023-02-10T00:00:00.000Z",
      "filename": [
        {
          "name": "download.csv",
          "data": {},
          "size": 2441,
          "timestamp": "2023-02-02T09:52:40.034Z"
        }
      ],
      "status": "onhold",
      "owener": "Henrique Barchiesi",
      "timestamp": 1675331574022,
      "tasks": [
        {
          "name": "tak1",
          "start": "2023-02-02T10:04:28.359Z",
          "end": "2022-04-03T20:02:28.359Z",
          "progress": 50,
          "id": "Task95437882",
          "owner": "tak3",
          "type": "task"
        }
      ],
      "id": 2
    },
    {
      "name": "Artwork3",
      "count": "2023-02-15",
      "startDate": "2023-02-08T00:00:00.000Z",
      "endDate": "2023-02-10T00:00:00.000Z",
      "sosDate": "2023-02-25T00:00:00.000Z",
      "filename": [
        {
          "name": "stats.png",
          "data": {},
          "size": 47850,
          "timestamp": "2023-02-02T09:53:55.715Z"
        }
      ],
      "status": "active",
      "owener": "Christine Seroux",
      "timestamp": 1675331640751,
      "tasks": [],
      "id": 3
    },
    {
      "name": "artwork4",
      "count": "2023-02-17",
      "startDate": "2023-02-03T00:00:00.000Z",
      "endDate": "2023-02-17T00:00:00.000Z",
      "sosDate": "2023-02-24T00:00:00.000Z",
      "filename": [
        {
          "name": "download.csv",
          "data": {},
          "size": 2441,
          "timestamp": "2023-02-02T09:54:57.529Z"
        }
      ],
      "status": "cancelled",
      "owener": "Henrique Barchiesi",
      "timestamp": 1675331703752,
      "tasks": [
        {
          "name": "task1",
          "start": "2023-02-09T06:49:42.056Z",
          "end": "2023-02-23T00:00:00.000Z",
          "progress": 50,
          "id": "Task81292678",
          "owner": "task1",
          "type": "task",
          "isDisabled": true,
          "typeInternal": "task",
          "x1": 375.4886144179894,
          "x2": 865.327380952381,
          "y": 10,
          "index": 0,
          "progressX": 375.4886144179894,
          "progressWidth": 244.91938326719577,
          "barCornerRadius": 3,
          "handleWidth": 8,
          "height": 30,
          "barChildren": [],
          "styles": {
            "backgroundColor": "#0168BF",
            "backgroundSelectedColor": "#0168BF",
            "progressColor": "#0168BF",
            "progressSelectedColor": "#0168BF"
          }
        }
      ],
      "id": 4
    },
    {
      "name": "Artwork6",
      "count": "2023-02-03",
      "startDate": "2023-02-02T00:00:00.000Z",
      "endDate": "2023-02-09T00:00:00.000Z",
      "sosDate": "2023-02-17T00:00:00.000Z",
      "filename": [
        {
          "name": "download.csv",
          "data": {},
          "size": 2441,
          "timestamp": "2023-02-02T10:04:28.359Z"
        }
      ],
      "status": "cancelled",
      "owener": "Julie Cordel",
      "timestamp": 1675332274955,
      "tasks": [
        {
          "name": "task1",
          "start": "2023-02-07T11:23:56.149Z",
          "end": "2023-02-08",
          "progress": 90,
          "id": "Task37585722",
          "type": "task",
          "isDisabled": true
        },
        {
          "name": "task2",
          "start": "2023-02-01",
          "end": "2023-02-06",
          "progress": 0,
          "id": "Task86138305",
          "type": "task",
          "isDisabled": true,
          "styles": {
            "backgroundColor": "#3FB4E8",
            "backgroundSelectedColor": "#3FB4E8",
            "progressColor": "#3FB4E8",
            "progressSelectedColor": "#3FB4E8"
          }
        },
        {
          "name": "task1",
          "start": "2023-02-08T15:31:06.345Z",
          "end": "2023-02-10",
          "progress": 50,
          "id": "Task55676747",
          "owner": "asha",
          "type": "task",
          "isDisabled": true
        },
        {
          "name": "task1",
          "start": "2023-02-08T15:33:04.956Z",
          "end": "2023-02-18",
          "progress": 50,
          "id": "Task74784388",
          "owner": "asha",
          "type": "task",
          "isDisabled": true
        },
        {
          "name": "task5",
          "start": "2023-02-08T15:33:57.218Z",
          "end": "2023-02-26",
          "progress": 50,
          "id": "Task48206039",
          "owner": "asha",
          "type": "task",
          "isDisabled": true,
          "styles": {
            "backgroundColor": "#0168BF",
            "backgroundSelectedColor": "#0168BF",
            "progressColor": "#0168BF",
            "progressSelectedColor": "#0168BF"
          }
        }
      ],
      "id": 6
    },
    {
      "name": "artwork8",
      "count": "2023-02-04",
      "startDate": "2023-02-03T00:00:00.000Z",
      "endDate": "2023-02-09T00:00:00.000Z",
      "sosDate": "2023-02-17T00:00:00.000Z",
      "filename": [
        {
          "name": "myphoto.png",
          "data": {},
          "size": 578496,
          "timestamp": "2023-02-03T06:19:29.828Z"
        }
      ],
      "status": "active",
      "owener": "asha",
      "timestamp": 1675405186741,
      "tasks": [],
      "id": 9
    },
    {
      "name": "tst",
      "count": "",
      "startDate": "2023-02-02T00:00:00.000Z",
      "endDate": "2023-02-03T00:00:00.000Z",
      "sosDate": "2023-02-04T00:00:00.000Z",
      "filename": [
        {
          "name": "jsinterview.txt",
          "data": {},
          "size": 2138,
          "timestamp": "2023-02-03T10:23:20.076Z"
        }
      ],
      "status": "active",
      "owener": "ee",
      "timestamp": 1675419803288,
      "tasks": [
        {
          "name": "task1",
          "start": "2023-02-07",
          "end": "2023-02-24",
          "progress": 90,
          "id": "Task7466540",
          "owner": "asha",
          "type": "task",
          "isDisabled": true
        }
      ],
      "id": 10
    }
  ]
}