{
  "data": [
    {
      "name": "Artwork1",
      "count": "2023-02-02",
      "startDate": "2023-02-03T00:00:00.000Z",
      "endDate": "2023-02-04T00:00:00.000Z",
      "sosDate": "2023-02-14T00:00:00.000Z",
      "filename": [
        {
          "name": "activefile.svg",
          "data": {},
          "size": 687,
          "timestamp": "2023-02-02T07:03:29.680Z"
        }
      ],
      "status": "cancelled",
      "owener": "Christine Seroux",
      "timestamp": 1675358281211,
      "tasks": [
        {
          "name": "test",
          "start": "2023-02-02T17:22:47.943Z",
          "end": "2023-02-03",
          "progress": 90,
          "id": "Task89495578",
          "type": "task",
          "isDisabled": true
        }
      ],
      "id": 1
    },
    {
      "name": "Artwork2",
      "count": "2023-02-02",
      "startDate": "2023-02-02T00:00:00.000Z",
      "endDate": "2023-02-03T00:00:00.000Z",
      "sosDate": "2023-02-10T00:00:00.000Z",
      "filename": [
        {
          "name": "download.csv",
          "data": {},
          "size": 2441,
          "timestamp": "2023-02-02T09:52:40.034Z"
        }
      ],
      "status": "onhold",
      "owener": "Henrique Barchiesi",
      "timestamp": 1675331574022,
      "tasks": [],
      "id": 2
    },
    {
      "name": "Artwork3",
      "count": "2023-02-15",
      "startDate": "2023-02-08T00:00:00.000Z",
      "endDate": "2023-02-10T00:00:00.000Z",
      "sosDate": "2023-02-25T00:00:00.000Z",
      "filename": [
        {
          "name": "stats.png",
          "data": {},
          "size": 47850,
          "timestamp": "2023-02-02T09:53:55.715Z"
        }
      ],
      "status": "active",
      "owener": "Christine Seroux",
      "timestamp": 1675331640751,
      "tasks": [],
      "id": 3
    },
    {
      "name": "artwork4",
      "count": "2023-02-17",
      "startDate": "2023-02-03T00:00:00.000Z",
      "endDate": "2023-02-17T00:00:00.000Z",
      "sosDate": "2023-02-24T00:00:00.000Z",
      "filename": [
        {
          "name": "download.csv",
          "data": {},
          "size": 2441,
          "timestamp": "2023-02-02T09:54:57.529Z"
        }
      ],
      "status": "cancelled",
      "owener": "Henrique Barchiesi",
      "timestamp": 1675331703752,
      "tasks": [],
      "id": 4
    },
    {
      "name": "Artwork5",
      "count": "2023-02-01",
      "startDate": "2023-02-07T00:00:00.000Z",
      "endDate": "2023-02-16T00:00:00.000Z",
      "sosDate": "2023-02-25T00:00:00.000Z",
      "filename": [
        {
          "name": "csvjson.json",
          "data": {},
          "size": 1983553,
          "timestamp": "2023-02-02T10:04:01.416Z"
        }
      ],
      "status": "active",
      "owener": "Audrey Hausemer",
      "timestamp": 1675332246487,
      "tasks": [],
      "id": 5
    },
    {
      "name": "Artwork6",
      "count": "2023-02-03",
      "startDate": "2023-02-02T00:00:00.000Z",
      "endDate": "2023-02-09T00:00:00.000Z",
      "sosDate": "2023-02-17T00:00:00.000Z",
      "filename": [
        {
          "name": "download.csv",
          "data": {},
          "size": 2441,
          "timestamp": "2023-02-02T10:04:28.359Z"
        }
      ],
      "status": "cancelled",
      "owener": "Julie Cordel",
      "timestamp": 1675332274955,
      "tasks": [],
      "id": 6
    },
    {
      "name": "Artwork6",
      "count": "2023-02-08",
      "startDate": "2023-02-01T00:00:00.000Z",
      "endDate": "2023-02-09T00:00:00.000Z",
      "sosDate": "2023-02-23T00:00:00.000Z",
      "filename": [
        {
          "name": "activefile.svg",
          "data": {},
          "size": 687,
          "timestamp": "2023-02-02T10:05:20.963Z"
        }
      ],
      "status": "cancelled",
      "owener": "Alessandra Carpano",
      "timestamp": 1675332325461,
      "tasks": [],
      "id": 7
    },
    {
      "name": "Artowrk7",
      "count": "2023-02-02",
      "startDate": "2023-02-08T00:00:00.000Z",
      "endDate": "2023-02-17T00:00:00.000Z",
      "sosDate": "2023-02-17T00:00:00.000Z",
      "filename": [
        {
          "name": "employee stats.png",
          "data": {},
          "size": 7028,
          "timestamp": "2023-02-02T10:05:46.158Z"
        }
      ],
      "status": "active",
      "owener": "Alessandra Carpano",
      "timestamp": 1675332354524,
      "tasks": [],
      "id": 8
    },
    {
      "name": "Artowrk8",
      "count": "2023-02-08",
      "startDate": "2023-02-08T00:00:00.000Z",
      "endDate": "2023-02-24T00:00:00.000Z",
      "sosDate": "2023-02-25T00:00:00.000Z",
      "filename": [
        {
          "name": "download.csv",
          "data": {},
          "size": 2441,
          "timestamp": "2023-02-02T10:06:34.299Z"
        }
      ],
      "status": "onhold",
      "owener": "Alessandra Carpano",
      "timestamp": 1675332408343,
      "tasks": [],
      "id": 9
    },
    {
      "name": "artowrk9",
      "count": "2023-02-01",
      "startDate": "2023-02-02T00:00:00.000Z",
      "endDate": "2023-02-11T00:00:00.000Z",
      "sosDate": "2023-02-24T00:00:00.000Z",
      "filename": [
        {
          "name": "Homepage.png",
          "data": {},
          "size": 150288,
          "timestamp": "2023-02-02T10:07:20.355Z"
        }
      ],
      "status": "active",
      "owener": "asha",
      "timestamp": 1675332448253,
      "tasks": [],
      "id": 10
    },
    {
      "name": "artwork10",
      "count": "2023-02-02",
      "startDate": "2023-02-02T00:00:00.000Z",
      "endDate": "2023-02-03T00:00:00.000Z",
      "sosDate": "2023-02-16T00:00:00.000Z",
      "filename": [
        {
          "name": "stats.png",
          "data": {},
          "size": 47850,
          "timestamp": "2023-02-02T10:13:21.917Z"
        }
      ],
      "status": "onhold",
      "owener": "asha",
      "timestamp": 1675332806738,
      "tasks": [],
      "id": 11
    },
    {
      "name": "artwork11",
      "count": "2023-02-01",
      "startDate": "2023-01-31T00:00:00.000Z",
      "endDate": "2023-02-02T00:00:00.000Z",
      "sosDate": "2023-02-10T00:00:00.000Z",
      "filename": [
        {
          "name": "csvjson.json",
          "data": {},
          "size": 1983553,
          "timestamp": "2023-02-02T10:13:54.162Z"
        }
      ],
      "status": "cancelled",
      "owener": "asha",
      "timestamp": 1675332839414,
      "tasks": [],
      "id": 12
    },
    {
      "name": "artwork10",
      "count": "2023-02-20",
      "startDate": "2023-02-02T00:00:00.000Z",
      "endDate": "2023-02-23T00:00:00.000Z",
      "sosDate": "2023-03-10T00:00:00.000Z",
      "filename": [
        {
          "name": "Selected_Rows (2).csv",
          "data": {},
          "size": 1770,
          "timestamp": "2023-02-02T16:06:16.478Z"
        }
      ],
      "status": "onhold",
      "owener": "asha",
      "timestamp": 1675353983182,
      "tasks": [],
      "id": 13
    }
  ]
}