{
    "data": [
        {
            "id": "PRJ01",
            "tasks": [
                {
                    "start": "2020, 1, 1",
                    "end": "2020, 1, 1",
                    "name": "Idea2",
                    "id": "Task 2",
                    "type": "task",
                    "progress": 45,
                    "isDisabled": true
                },
                {
                    "start": "2020, 1, 1",
                    "end": "2020, 1, 1",
                    "name": "Idea2",
                    "id": "Task 3",
                    "type": "task",
                    "progress": 45,
                    "isDisabled": true
                },
                {
                    "start": "2020, 1, 1",
                    "end": "2020, 1, 1",
                    "name": "Idea2",
                    "id": "Task 4",
                    "type": "task",
                    "progress": 45,
                    "isDisabled": true
                }
            ],
            "name": "SuperMan",
            "count": 100,
            "startDate": "",
            "endDate": "",
            "sosDate": "",
            "filename": "",
            "status": "",
            "owener": ""
        },
        {
            "id": "PRJ05",
            "tasks": [
                {
                    "start": "2020, 1, 1",
                    "end": "2020, 1, 1",
                    "name": "Idea2",
                    "id": "Task 2",
                    "type": "task",
                    "progress": 45,
                    "isDisabled": true
                },
                {
                    "start": "2020, 1, 1",
                    "end": "2020, 1, 1",
                    "name": "Idea2",
                    "id": "Task 2",
                    "type": "task",
                    "progress": 45,
                    "isDisabled": true
                },
                {
                    "start": "2020, 1, 1",
                    "end": "2020, 1, 1",
                    "name": "Idea2",
                    "id": "Task 2",
                    "type": "task",
                    "progress": 45,
                    "isDisabled": true
                }
            ],
            "name": "04 Avengers",
            "count": "100",
            "startDate": "",
            "endDate": "",
            "sosDate": "",
            "filename": "",
            "status": "",
            "owener": ""
        },
        {
            "id": "PRJ05",
            "tasks": [
                {
                    "start": "2020, 1, 1",
                    "end": "2020, 1, 1",
                    "name": "Idea2",
                    "id": "Task 2",
                    "type": "task",
                    "progress": 45,
                    "isDisabled": true
                },
                {
                    "start": "2020, 1, 1",
                    "end": "2020, 1, 1",
                    "name": "Idea2",
                    "id": "Task 2",
                    "type": "task",
                    "progress": 45,
                    "isDisabled": true
                },
                {
                    "start": "2020, 1, 1",
                    "end": "2020, 1, 1",
                    "name": "Idea2",
                    "id": "Task 2",
                    "type": "task",
                    "progress": 45,
                    "isDisabled": true
                }
            ],
            "name": "04 Avengers",
            "count": 100,
            "startDate": "2/1/2024",
            "endDate": "5/31/2024",
            "sosDate": "7/1/2024",
            "filename": "AW1.pdf",
            "status": "No",
            "owener": "panasewitzc.K"
        },
        {
            "id": "PRJ06",
            "tasks": [
                {
                    "start": "2020, 1, 1",
                    "end": "2020, 1, 1",
                    "name": "Idea2",
                    "id": "Task 2",
                    "type": "task",
                    "progress": 45,
                    "isDisabled": true
                },
                {
                    "start": "2020, 1, 1",
                    "end": "2020, 1, 1",
                    "name": "Idea2",
                    "id": "Task 2",
                    "type": "task",
                    "progress": 45,
                    "isDisabled": true
                },
                {
                    "start": "2020, 1, 1",
                    "end": "2020, 1, 1",
                    "name": "Idea2",
                    "id": "Task 2",
                    "type": "task",
                    "progress": 45,
                    "isDisabled": true
                }
            ],
            "name": "04 Avengers",
            "count": 100,
            "startDate": "2023-01-20",
            "endDate": "2023-01-21",
            "sosDate": "",
            "filename": "",
            "status": "reject",
            "owener": "asha"
        },
        {
            "id": "iZIELhb",
            "tasks": [
                {
                    "start": "2020, 1, 1",
                    "end": "2020, 1, 1",
                    "name": "Idea2",
                    "id": "Task 2",
                    "type": "task",
                    "progress": 45,
                    "isDisabled": true
                },
                {
                    "start": "2020, 1, 1",
                    "end": "2020, 1, 1",
                    "name": "Idea2",
                    "id": "Task 2",
                    "type": "task",
                    "progress": 45,
                    "isDisabled": true
                },
                {
                    "start": "2020, 1, 1",
                    "end": "2020, 1, 1",
                    "name": "Idea2",
                    "id": "Task 2",
                    "type": "task",
                    "progress": 45,
                    "isDisabled": true
                }
            ],
            "name": "test",
            "count": "",
            "startDate": "2023-01-19T00:00:00.000Z",
            "endDate": "2020, 1, 1",
            "sosDate": "2020, 1, 1",
            "filename": "",
            "status": "",
            "owener": ""
        },
        {
            "id": "KYglI-e",
            "tasks": [
                {
                    "start": "2020, 1, 1",
                    "end": "2020, 1, 1",
                    "name": "Idea2",
                    "id": "Task 2",
                    "type": "task",
                    "progress": 45,
                    "isDisabled": true
                },
                {
                    "start": "2020, 1, 1",
                    "end": "2020, 1, 1",
                    "name": "Idea2",
                    "id": "Task 2",
                    "type": "task",
                    "progress": 45,
                    "isDisabled": true
                },
                {
                    "start": "2020, 1, 1",
                    "end": "2020, 1, 1",
                    "name": "Idea2",
                    "id": "Task 2",
                    "type": "task",
                    "progress": 45,
                    "isDisabled": true
                }
            ],
            "name": "asha",
            "count": "100",
            "startDate": "2020, 1, 1",
            "endDate": "2023-01-21T00:00:00.000Z",
            "sosDate": "2023-01-22T00:00:00.000Z",
            "filename": "",
            "status": "",
            "owener": ""
        }
    ]
}